account_name,created_at,display_name,friends_count,language,location,user_id
dog_rates,Sun Nov 15 21:41:29 +0000 2015,WeRateDogs‚Ñ¢,10,en,‚á© merch ‚á©         DM YOUR DOGS,4196983835
tta_kay,Sat Jul 05 17:06:22 +0000 2014,kay,479,en,not given,2676442024
Adeline_Garrett,Fri Apr 26 16:34:47 +0000 2013,outofline carrot ü¶ä,415,en,912‚Ä¢LDN,1382344291
gwatsky,Sun Jan 10 03:38:19 +0000 2010,W‚ñµTSKY,865,en,yeah,103467620
SmilingYoshi,Sun Jun 12 20:38:49 +0000 2011,SmilingYoshi,1412,en,Here.,316025613
dirtysandwiz,Wed Jan 11 01:45:53 +0000 2012,ariel,170,en,not given,460712007
jwiley,Thu Jan 15 01:05:39 +0000 2009,wiley,136,en,"San Francisco, CA",19004684
PuppysFamily,Fri Oct 31 23:06:35 +0000 2014,PuppysFamily,1304,en,not given,2853988156
cheyeeezy,Mon Aug 02 16:40:08 +0000 2010,‚ô°BUNNY‚ô°,287,en,not given,173894827
Marg_aret_Moore,Thu Jul 16 01:19:39 +0000 2009,Margaret Moore,984,en,"New York, NY",57199686
IefWeb,Mon May 26 13:32:49 +0000 2014,ief web,164,de,not given,2565285539
DanielAMorrow,Wed Sep 02 19:12:04 +0000 2009,Dan Morrow,705,en,Halloweentown/NY,71047424
krista_thomas,Sun Dec 30 07:11:05 +0000 2012,Krista Thomas,318,en,Sydney,1047098184
OCTOBYGON,Fri Sep 30 00:38:30 +0000 2011,back to shoe huffin',233,en,„Å†„Å£„Å¶„Å∞„Çà,382398709
smilingwithalex,Mon May 25 04:05:33 +0000 2015,Alexandra Balmaceda,235,en,MYLead,3297407687
lassalinenikki,Thu Oct 03 13:45:04 +0000 2013,nicole,334,en,not given,1930798190
elexa23,Wed Sep 25 15:27:02 +0000 2013,Elexa,185,en,not given,1904545938
paperlessVP,Wed Nov 10 03:41:16 +0000 2010,‚Ñùùï™ùïíùïü ùïÉùïíùï£ùï†ùï§ùïñ,221,en,"Ottawa, Ontario",213928138
scknurr,Fri Jun 19 04:01:02 +0000 2009,steven knurr,1354,en,"Madison, WI",48603051
DylaaaanWelchel,Wed Jul 14 06:26:20 +0000 2010,Dylan Welchel,467,en,not given,166467962
m_brohman,Tue Oct 08 13:28:21 +0000 2013,Captain Morgen,150,en,Ft. Lauderdale,1946918258
josielee2001,Sun Dec 30 16:55:17 +0000 2012,josie lee,318,en,not given,1048324476
SAGETHELEO,Sat Sep 03 03:06:31 +0000 2011,sage,667,en,not given,366942154
christiantayy,Fri Feb 18 03:19:38 +0000 2011,Christian Taylor,364,en,"Ponte Vedra Beach, Florida",253858464
sheikamiiibo,Thu Apr 02 05:14:42 +0000 2015,cole üêù,241,en,üè≥Ô∏è‚Äçüåà,3129066271
em_seebold,Wed Apr 15 22:22:12 +0000 2009,Emily Seebold,258,en,mn/ UND,31541656
Ashton91230,Sat Dec 24 05:22:01 +0000 2011,Mere,316,en,Snap & IG: Ashton91230,445241779
dootinriggins,Mon Jun 30 19:23:18 +0000 2014,Slim Vic,465,en,"Charlotte, NC",2596783176
theleahmarie,Wed Sep 08 23:24:44 +0000 2010,Leroy,447,en,"Fargo (like the movie), ND",188530098
cdleonhart,Thu Apr 29 00:24:03 +0000 2010,Christa,443,en,"Raleigh, NC",138231816
ALOHALEXI,Mon Nov 24 22:49:11 +0000 2014,bvggedlex,167,en,IG: BVGGEDLEX,2909473117
misslopez_06,Sat Jan 12 20:04:54 +0000 2013,alexandra,619,en,"Tucson, AZ",1084000633
Korean_69,Fri Dec 11 17:33:48 +0000 2015,Blakely Forneyweert,30,en,not given,4530365172
druguimond,Tue Sep 25 20:56:52 +0000 2012,Dru Guimond,289,en,not given,846223303
AudreyBoos,Thu Apr 17 20:33:29 +0000 2014,Audrey Boos,101,en,"Los Angeles, CA",2450397781
krist3nnn,Tue Jun 21 03:37:19 +0000 2011,Kristen Kuhns,374,en,not given,321160011
claire6547,Tue Jul 10 12:34:58 +0000 2012,Claire Carlson,475,en,"Duluth, MN",631944212
emmamarie_99,Sun Jan 09 15:13:31 +0000 2011,Emma,313,en,not given,235992826
kt__snyder,Wed Dec 25 20:40:24 +0000 2013,kate,535,en,ohio,2261883156
jillbrennan_,Thu May 31 21:01:11 +0000 2012,Jill Brennan,302,en,not given,595826788
JessieBayless15,Mon May 27 01:57:04 +0000 2013,jess,419,en,not given,1461029406
MeredithUsry,Mon Aug 11 23:57:54 +0000 2014,mer,312,en,TX,2724926246
StephHerold,Tue Jun 02 23:33:42 +0000 2009,Steph Herold,1084,en,"Queens, NY",44238517
oldpaledrake,Fri Jul 31 04:04:15 +0000 2009,„ÄéR Y A N„Äè,1294,en,The Own Zone,61686723
ErinLPeters,Sat Sep 01 01:24:55 +0000 2012,Erin,396,en,not given,795052568
beasreflection,Tue Jan 15 07:56:42 +0000 2013,Knee,190,en,not given,1091352914
katt_samm,Thu Oct 17 11:56:49 +0000 2013,Katelynn Samuelsen,264,en,"flavortown, usa",719018571
TinyIrishGuy,Sun Sep 02 03:55:29 +0000 2012,David Hays,231,en,1 AU,797448714
MadelynJ925,Sun Dec 25 17:58:42 +0000 2011,Maddie,283,en,The Stars,446413717
hannah_lead,Tue Jul 17 03:27:27 +0000 2012,hannah,247,en,not given,700279940
sarahjkjc,Thu Apr 09 02:29:47 +0000 2009,Sarah Cowell,521,en,"Highlands Ranch & Eagle, CO",29897242
evangeIinapaola,Thu Feb 26 04:12:24 +0000 2015,Eve,194,en,not given,3042367718
leillz,Sun Dec 23 02:16:12 +0000 2012,Leilaüåª,254,en,hotlanta,1029681931
LeighAnnATL,Mon Jun 13 01:56:55 +0000 2011,Leigh Ann,860,en,Georgia,316174648
Emma_C_Price,Tue Oct 02 21:39:39 +0000 2012,Emma Price,218,en,United States,858749160
PRlNCESSEMMA,Mon Jun 18 23:30:50 +0000 2012,emma,316,en,"Portland, OR",612175389
AshleyStokesss,Mon Dec 22 00:02:47 +0000 2014,ASHLEY STOKES,647,en,kody green ,2938714386
KESS_and_tell,Tue Mar 29 23:24:54 +0000 2011,Kessler McGarry,227,en,b-town,274212280
baby_kanga_roo,Mon Jan 18 03:10:40 +0000 2016,Baby Kangaroo,78,en,the outback ,4776485599
peytonhauser,Sat Feb 02 16:45:09 +0000 2013,peyton,228,en,not given,1142879252
ryan_laviolette,Sun Mar 18 15:51:40 +0000 2012,Ryan LaViolette,307,en,"Omaha, NE",528620551
mckenna_culbert,Fri Feb 17 02:33:39 +0000 2012,Kenna,357,en,"Tucson, AZ",494609892
TheRyanTown,Tue Jun 11 22:06:30 +0000 2013,Ryan Town,179,en,"Thousand Oaks, CA",1507104967
shannon_mgott,Sat Aug 25 21:05:42 +0000 2012,Shan,239,en,shanflower,781093526
ClaudiaCordner,Fri Feb 13 00:28:38 +0000 2015,Claudia Cordner,263,en,not given,3033700529
Manweath,Thu Dec 22 15:55:00 +0000 2011,Matthew Weathersby,842,en,not given,443831236
asdfghjill,Tue Apr 15 23:10:06 +0000 2014,jill,85,en,New York,2446182236
5MinuteTrade,Mon Apr 06 01:48:30 +0000 2009,Lawrence of Arabia,226,en,Where you are not,29118011
lott_elizabethh,Thu Feb 24 01:25:56 +0000 2011,liz üíÄ,138,en,not given,256766932
HytenDavidson,Wed Jan 13 16:10:37 +0000 2016,Hyten Davidson,756,en,not given,4795617695
onedogsopinion,Tue Nov 20 14:43:01 +0000 2012,One Dog's Opinion,860,en,"Brooklyn, NY",960586848
mckaylabrookee,Sat Sep 26 16:09:07 +0000 2015,McKayla Miller,236,en,not given,3694263373
lliw_seniag,Sat Oct 20 01:21:33 +0000 2012,LORD WILLING,1177,en,"Hockinson, WA",892204027
JackieHansen010,Mon Oct 10 02:48:47 +0000 2011,Jackie Hansen,314,en,not given,388043436
sydneyycompton,Thu May 02 02:07:20 +0000 2013,Syd Compton,173,en,not given,1396052629
sfoley13,Tue Jul 31 18:12:15 +0000 2012,Sierra Foley,208,en,not given,728923350
ry_oh_my_,Sun Aug 04 20:02:57 +0000 2013,ryann kelley,301,en,not given,1646031848
tta_kay,Sat Jul 05 17:06:22 +0000 2014,kay,479,en,not given,2676442024
emmaosowski,Mon Feb 27 23:20:16 +0000 2012,Emma Osowski,327,en,not given,506552062
aaranza1,Sun Apr 22 16:56:11 +0000 2012,aranza,147,es,not given,560428205
_MaddyElizabeth,Wed Jun 27 14:23:57 +0000 2012,madison,643,en,not given,620042575
shannonlynnee,Tue May 19 11:00:31 +0000 2015,shannon,146,en,MA,3289864367
chloerae3_,Sun May 03 16:19:30 +0000 2009,chlo√©,273,en,BUFFALOVE,37445111
Amanda_Sanborn,Mon Jan 17 19:18:04 +0000 2011,Amanda Schaefer,177,en,"Grand Rapids, MI",239495220
brookmartin_,Sun Sep 01 02:23:18 +0000 2013,brook,451,en,not given,1717437320
CoryPaige,Fri Jul 01 04:42:28 +0000 2011,Courtney,347,en,A Pocketful of Sunshine,327199126
bailiebunge,Tue Jan 06 23:46:04 +0000 2015,Bailie Bunge,112,en,not given,2965139817
k80daley,Fri May 27 21:21:35 +0000 2011,Kate Daley,389,en,Canada,306425004
m_saloka55,Sat Jan 21 07:20:31 +0000 2012,Meagh,625,en,Virginia Tech ,470015815
abbystuart97,Tue Aug 06 18:05:59 +0000 2013,Abby Stuart,318,en,not given,1650912517
c_prev,Sun Sep 18 23:45:11 +0000 2011,ophelia,333,en,psu,375912916
eliza_lozie,Sat Apr 18 04:21:14 +0000 2009,eliza,168,en,"San Francisco, CA",32781045
ficojanic,Tue Nov 24 06:47:26 +0000 2009,Fico Janic,61,en,not given,92216791
merifff,Sun Dec 23 21:03:26 +0000 2012,Meredith Melton,153,en,not given,1031334794
sydley828,Fri Dec 07 21:02:52 +0000 2012,sydney moler,255,en,not given,995859938
Splendamomma,Tue Mar 27 16:10:51 +0000 2012,Heidi Anderson,94,en,"Albuquerque, NM",538278235
CChristopher51,Tue Oct 28 06:41:30 +0000 2008,Charlie Christopher,1408,en,Los Angeles,17016893
shioshoujo,Mon Jan 12 05:41:14 +0000 2015,‚ú®hanna‚ú®,242,en,not given,2975856650
TheUnDaniel,Fri Mar 04 04:24:11 +0000 2011,Fudgy Perks,280,en,"Avon, OH (for some reason)",260578334
ytailblazers,Fri Apr 17 20:37:02 +0000 2009,Tail Blazers,1778,en,"Toronto, Ontario, Canada",32570055
EVIE_W0NDER,Sun Sep 29 03:38:28 +0000 2013,evie wonder,453,en,"In like VA, MA, or CO idek man",1916024292
sarahdullmoon,Mon Jun 10 21:38:25 +0000 2013,Sarah Muldoon,382,en,not given,1499464598
LydiaDiCaprio,Tue Jun 14 23:31:15 +0000 2011,Lydia DiCaprio,107,en,Houston,317450471
SydneyJChilders,Thu Jan 27 04:05:56 +0000 2011,Netflix and Childers,716,en,not given,243481831
Purposely_Live,Tue Dec 25 16:14:52 +0000 2012,"Coffee, Ride & Run",369,en,not given,1035102614
stickergrub,Thu Jan 15 03:10:50 +0000 2015,StickerGrub,748,en,World Wide Shipping ,2979337366
maddielegit,Thu May 24 23:23:58 +0000 2012,maddie,218,en,not given,589508359
DivineNoodles,Sun Jan 22 16:31:13 +0000 2012,The FSM,4112,en,Mount Salsa,471211848
KristenMcCabe4,Tue Nov 05 20:53:15 +0000 2013,Kristen McCabe,136,en,not given,2176794924
bl27brooke,Wed Sep 11 14:45:53 +0000 2013,brooke long,94,en,not given,1854569803
AfrazzleDazzle,Thu Jan 26 01:37:38 +0000 2012,Andrew Fraser,145,en,not given,474486424
sophiexmandel,Fri Oct 10 00:08:10 +0000 2014,sophü¶ë,186,en,"Ontario, Canada",2849333726
littleshelter,Fri Jul 16 17:25:05 +0000 2010,Little Shelter,3335,en,"Huntington, NY",167466698
_Jim__Jam_,Sun May 02 02:07:21 +0000 2010,Jamie,275,en,not given,139257266
Maddie_m15,Mon Aug 12 04:03:00 +0000 2013,Maddie Matejovsky,821,en,#Believeland,1664068908
JamieKerstetter,Thu May 26 07:34:21 +0000 2011,Jamie Kerstetter,1360,en,NJ/Vegas,305454456
mollymatilsky,Sat Nov 23 02:55:22 +0000 2013,Molly Matilsky,286,en,not given,2192235497
kyle_schiele,Wed Aug 05 19:17:47 +0000 2009,kc,193,en,not given,63226314
marissa_gem,Fri Jan 11 04:05:07 +0000 2013,mojito mami,298,en,"Tampa, FL",1078461151
ambrown,Wed Apr 11 21:07:59 +0000 2007,amb,4467,en,"St Johns, Portland  ‚òîÔ∏è‚òïÔ∏è‚öΩÔ∏èüåª",4243691
johnny167167,Tue Oct 18 11:29:47 +0000 2011,johnny yuen,73,en,not given,393334099
manciniadam,Sun Jul 21 00:51:02 +0000 2013,Adam West,359,en,not given,1609380296
alexxxthomasss,Thu Aug 18 03:40:37 +0000 2011,Alex Thomas,327,en,not given,357280211
brookehano,Sat Jan 16 03:55:43 +0000 2016,brick hano,177,en,"Boise, ID",4766408257
joannamuses,Mon Jan 05 04:05:35 +0000 2009,Joanna Holman,2595,en,Melbourne,18622950
erinkay_,Wed Jun 20 22:33:20 +0000 2012,Erin,92,en,not given,613894470
KaleighCheree,Tue Jan 17 01:24:15 +0000 2012,kaleigh,604,en,tx,466070854
sofrostii,Sun Apr 10 02:37:40 +0000 2011,Cardo,400,en,probs w/ mily‚ù§Ô∏è,279817883
erinkay_,Wed Jun 20 22:33:20 +0000 2012,Erin,92,en,not given,613894470
AustinAan,Fri Feb 19 17:10:29 +0000 2016,AnaBanana,3,en,"Pennsylvania, USA",700729177608052736
katschmitt321,Sat Jan 26 22:33:39 +0000 2013,Katie Schmitt,264,en,not given,1123341866
mckiser93,Thu Jul 15 00:47:52 +0000 2010,Madison Kiser,481,en,not given,166790802
StevenHoover,Mon Aug 31 01:28:06 +0000 2009,Steve Hoover,236,en,not given,70270103
babydougherty,Thu Nov 15 12:53:19 +0000 2012,annie,134,en,snap: doughertyannie,949676730
RealLordHelmet,Sat Jan 14 17:50:05 +0000 2012,Jack Hyneman,385,en,"Akron, OH",463969241
geeklil,Wed Jul 23 02:52:45 +0000 2008,Sarah,180,en,Los Angeles,15554080
josheyjonesy,Sat May 26 18:14:11 +0000 2012,josh jones,710,en,Colorado,591214230
AyDawgLam,Mon Dec 22 19:03:42 +0000 2008,anna,251,en,Horcrux Cave,18313487
agustinsibona,Sun Jun 19 01:04:30 +0000 2011,Agust√≠n Sibona,549,es,"Redlands, CA",319937055
SocialJilly,Mon Nov 14 05:43:26 +0000 2011,Jill Sulak,796,en,"Dallas, TX",412033787
ColeNancycole,Tue Aug 20 16:25:49 +0000 2013,At the direction of...,694,en,Upstate South Carolina,1686200137
Empaul50,Fri May 11 02:12:00 +0000 2012,Emily Paul,956,en,not given,576755582
rileywulf_,Fri Nov 29 04:35:26 +0000 2013,r,137,en,not given,2220818174
alcoopa,Fri Mar 21 11:09:10 +0000 2014,amycoopa,237,en,not given,2401396514
HChristianSmith,Tue Jul 19 02:28:02 +0000 2011,Hannah Smith,274,en,"Charlotte, NC",338094550
MNaill,Tue Nov 20 01:32:27 +0000 2012,Maximus,235,en,not given,959185260
ShwankyStanky,Sun Sep 23 07:31:07 +0000 2012,nikole,181,en,not given,841212492
hannahbuttz,Sun Jun 07 01:37:52 +0000 2009,Hannah,418,en,Born & Raised in FL,45258186
AnnnaAbbott,Thu Jul 07 22:46:01 +0000 2011,Œ±nnŒ±,437,en,yoshi city,331277030
erikabadger27,Mon Jan 09 23:32:00 +0000 2012,Erika,524,en,not given,459697807
lucyjohanneman,Wed Jun 06 11:53:32 +0000 2012,oowoo,409,en,not given,600911356
arabella_edgar,Wed Aug 06 21:10:56 +0000 2014,arabella edgar,232,en,not given,2712962054
neckdeepbri,Thu Sep 10 22:39:38 +0000 2015,brianna,263,en,"Connecticut, USA",3614152462
lysscarnicella,Sun Apr 21 14:05:18 +0000 2013,a,203,en,not given,1369632120
thepaytonian,Sun Oct 09 17:03:37 +0000 2011,Payton,748,en,"Austin, TX - UT20",387774026
ebruf123,Thu Sep 20 19:35:41 +0000 2012,Eliza,384,en,not given,836223235
rondodog,Sat May 09 01:29:29 +0000 2009,L. N.,128,en,"Los Angeles, CA",38766540
olimigz,Mon Jan 26 15:37:09 +0000 2015,olivia migli,168,en,not given,2999851342
EricRacki,Thu Jun 04 12:37:22 +0000 2009,Erica Racki,243,en,not given,44605789
nick_rayy,Tue Mar 26 02:09:16 +0000 2013,Nick,194,en,not given,1302009956
HarleyMesquite,Mon Jun 15 01:48:53 +0000 2009,Harley Brown,594,en,"Lewisville, TX",47229285
Pastel_Butts,Wed Feb 24 22:15:52 +0000 2016,Rin üè¥üö©,157,en,Here,702617970347003904
EmilyRobinson18,Sat Aug 11 03:15:39 +0000 2012,em,267,en,"Nevada, USA",750543962
Natron44,Wed Mar 25 17:26:50 +0000 2009,Natron,1533,en,"Plymouth,MN",26543199
sleevi_,Sun Jan 06 04:27:38 +0000 2013,Ryan Sleevi,501,en,"Raleigh, NC",1064741256
madisonone,Fri Feb 13 04:55:05 +0000 2009,David Caropreso,38,en,"Madison, WI",20748875
itsizzconnor,Tue May 26 19:18:17 +0000 2015,izzy,117,en,"Manhattan Beach, CA",3227408880
megalopolisvb,Tue Jan 15 19:46:33 +0000 2013,meg!,444,en,VBVA,1093049310
iiBMO,Mon Feb 15 18:26:45 +0000 2016,BMO Bear B.W. Goob,6,en,"Los Angeles, CA",699298818446102529
chellchee,Mon Sep 24 01:27:35 +0000 2012,Chel üå∏,246,en,not given,842725416
latyshevaaa,Sun Nov 03 06:35:42 +0000 2013,–ª–∞—Ç—ã—à–µ–≤–∞,82,en,Japan,2171642588
johnny_berube,Thu Sep 19 19:03:15 +0000 2013,johnny,379,en,not given,1884041850
hennessey776,Tue Aug 19 23:04:34 +0000 2014,noah hennessey,496,en,not given,2747144197
emmangrant,Fri Dec 16 22:13:44 +0000 2011,emma,269,en,not given,438689868
sophiefortee,Thu Aug 14 22:21:45 +0000 2014,Sophie Forte,289,en,not given,2733013106
mollywallacee,Sun Apr 21 21:08:06 +0000 2013,Molly Wallace,382,en,not given,1370594161
robynnk_,Wed Mar 07 22:52:35 +0000 2012,Robyn,44,en,not given,518005664
magicalmaci,Tue May 27 03:40:26 +0000 2014,maci,952,en,ada//ou2021,2526470215
_tylerludwig,Sun Oct 06 23:08:31 +0000 2013,Tyler Ludwig,276,en,"Maryland, USA",703259686
PGPImages,Thu Apr 17 16:52:55 +0000 2014,Philip Grossman,303,en,"ATL, DEN, Delta Terminal A",2450083160
_BrianMcLean,Sun Feb 28 06:14:09 +0000 2010,Brian,491,en,Chicago,118296427
ReganJAnderson,Sun Mar 18 21:43:47 +0000 2012,Regan.,237,en,not given,528874244
JacksonBleeee,Sat Jul 02 06:36:57 +0000 2011,Bly,173,en,not given,327825560
evabowler,Tue Jul 17 20:11:55 +0000 2012,eva‚òÄÔ∏è,678,en,the abyss,701696004
ImJustinMiller,Wed May 06 17:12:13 +0000 2009,Justin Miller,291,en,"Raleigh, NC",38225803
sparrowmorgan,Mon Jun 29 08:00:47 +0000 2009,a story about you...,978,en,"Los Angeles, CA",51996893
EdSeverson,Wed Nov 25 03:23:55 +0000 2009,Eduardo Lim√≥n,169,en,"Tlalpan, D.f., M√©xico",92436752
CharlotteCoffe,Fri Aug 12 19:58:56 +0000 2011,Blue Bunny  Â§èÊ¥õÁâπ,336,en,cat hair,353886107
brittbmanning,Tue Mar 24 22:27:32 +0000 2009,Brittany Manning,562,en,"Lexington, Kentucky",26341683
BlondieSheep,Sun Feb 20 19:44:52 +0000 2011,Erin,479,en,not given,255150050
greerardenh,Sun Feb 02 22:20:57 +0000 2014,greer handley,347,en,not given,2324438317
jengolbeck,Thu Feb 25 21:41:03 +0000 2010,Dr. Jen Golbeck,361,en,"College Park, MD",117539435
rileykay16,Sat Aug 15 01:45:26 +0000 2009,Riley üñ§,400,en,KS (Wishin' I Was in Romania),65793514
emgosselin67,Mon Jun 10 20:47:42 +0000 2013,Emily Gosselin,330,en,not given,1499363833
finnthegoldenn,Sat Apr 02 16:15:42 +0000 2016,Finnley ‚ù§Ô∏è,22,en,"Michigan, USA",716298067897659392
LeahBisson,Tue Feb 23 23:30:50 +0000 2010,Leah Bisson,659,en,not given,116908593
cornax,Sun Feb 01 18:19:33 +0000 2009,Kelly,443,en,"Maryland, USA",19869114
fxhsai,Thu Feb 25 02:55:08 +0000 2010,x,250,en,not given,117275995
maxtoll9,Sat Nov 09 04:22:58 +0000 2013,Max Toll,406,en,"Jackson, MI ",2183565546
molly_merrick7,Sun Oct 07 22:29:38 +0000 2012,Molly Merrick,709,en,Lebo,867050478
SensitiveThug7,Sun Sep 23 20:21:23 +0000 2012,Owen,393,en,"Clemson, SC",842344580
JennyStevenson3,Wed Jun 01 04:57:06 +0000 2011,Jenny,368,en,The United States,308886231
tbrawlen,Tue Aug 16 15:54:41 +0000 2011,Terry Berry,110,en,Manitoba,356263770
simonecampbelll,Mon Aug 01 00:00:56 +0000 2011,Simone,417,en,"Michigan, USA",346252177
Macamirani,Sun Oct 28 02:22:56 +0000 2012,mirar (ustedes form),264,en,not given,909352915
Decepticoop,Sun Dec 28 00:15:32 +0000 2014,Cooper,37,en,"New Jersey, USA",2945041438
Megan_Souder,Sun Jul 15 17:00:16 +0000 2012,Megan,617,en,Poolesville // Salisbury ‚Äò19,636313051
CailynKootz,Tue Sep 27 22:14:36 +0000 2011,Cailyn Kootz,257,en,not given,381191006
MillieMolly,Sun Feb 01 19:51:17 +0000 2009,Amanda Roberts,486,en,"Wem, Shropshire.",19873183
sskyfoster,Tue Sep 02 21:14:51 +0000 2014,sky,291,en,not given,2759816146
Dannylee14,Wed Jan 09 03:00:53 +0000 2013,Danny Lee,152,en,not given,1072677271
Nartaniel,Thu Mar 14 01:58:32 +0000 2013,nart,318,en,"Evanston, IL",1265921070
ChantelleSicott,Thu Jan 19 00:44:27 +0000 2012,chan,204,en,not given,467939487
cdleonhart,Thu Apr 29 00:24:03 +0000 2010,Christa,443,en,"Raleigh, NC",138231816
PatrickWilliams,Sat Jan 31 01:28:09 +0000 2009,Patrick Williams,3351,en,Brisbane,19799365
KendallMoore12,Wed Jun 13 16:33:22 +0000 2012,Kendall,275,en,"Hilliard, OH",607433229
Leav26_,Tue Jun 11 02:50:37 +0000 2013,Lea,217,en,not given,1500121459
gracamole,Tue Feb 10 06:18:55 +0000 2009,graceüåª,268,en,not given,20495197
chrisjohann32,Wed Mar 28 17:50:44 +0000 2012,Chris,280,en,"Barrie, Ontario",539244898
gemmaegreen,Tue Apr 10 00:57:10 +0000 2012,Gemma Green,307,en,not given,549684089
philvssleep,Sat Feb 25 00:47:53 +0000 2012,Phil,203,en,not given,502302461
jacobmckennaa,Sun Apr 28 22:36:26 +0000 2013,Jacob McKenna,192,en,NAU,1388081498
ShaneScottravis,Mon Nov 14 05:29:24 +0000 2011,Shane Scott-Travis,1528,en,"Vancouver, BC, Canada",412027593
andi_leigh7,Thu Mar 29 15:11:02 +0000 2012,Andi Nichol‚ú®,422,en,not given,540135054
Barcus20,Fri Jul 01 02:32:24 +0000 2011,Daryl Barcus,313,en,South Carolina,327149920
JoAnnReese,Thu Dec 22 02:14:53 +0000 2011,Boots25,215,en,not given,443320210
carlymcconville,Sun Feb 27 23:42:04 +0000 2011,Carl,196,en,not given,258543611
LukeAHoosier,Mon Jan 16 01:18:48 +0000 2012,Luke Helm,317,en,not given,465152966
errmalou69,Mon Feb 15 03:55:39 +0000 2016,emma‚òÄÔ∏è,189,en,the ocean,4909472172
davekellett,Thu May 22 05:48:19 +0000 2008,Dave Kellett,137,en,not given,14865059
LukeAHoosier,Mon Jan 16 01:18:48 +0000 2012,Luke Helm,317,en,not given,465152966
tonyhawkprosk8r,Sat Sep 04 02:33:05 +0000 2010,Digeridoo by Aphex Twin,485,en,Australian Outback/Cornwall,186674543
Buddah_Judah,Thu Aug 15 19:27:20 +0000 2013,Judah,605,en,Europe,1673923963
rayscamera,Thu Jan 23 06:39:08 +0000 2014,Ray ‚òÖÂΩ°,301,en,"Los Angeles, CA",2306075166
elof,Fri Jan 09 19:03:12 +0000 2009,Ju$tin,1240,en,"Oakland, CA",18811020
_alexpanagakos,Sat Nov 02 21:16:43 +0000 2013,Alex Panagakos,382,en,not given,2170954560
Hxnna7,Sun Jun 07 07:16:48 +0000 2015,Daddy H,500,en,not given,3238555764
hr0ssi,Wed Jan 05 21:26:32 +0000 2011,hannah,407,en,not given,234519608
DomTweetsCrap,Tue Jun 17 12:00:27 +0000 2014,It's Dominic,639,en,not given,2572783418
jengolbeck,Thu Feb 25 21:41:03 +0000 2010,Dr. Jen Golbeck,361,en,"College Park, MD",117539435
BatistaGii,Sun Oct 14 03:29:29 +0000 2012,Gina Batista,1050,pt,not given,879229100
pikaponn,Sun Dec 01 19:38:13 +0000 2013,üçëSara Ponderüçë,1478,en,"Houston, TX",2225485460
_briannadavis_,Mon Aug 04 20:11:26 +0000 2014,Bri,799,en,Texas State University ,2733572937
davidk30,Mon Dec 21 09:29:13 +0000 2009,David Killy,881,en,Waterford / Dublin,98334972
katiefust26,Sat Nov 09 18:58:21 +0000 2013,katie fust,320,en,Rochester // Marquette ,2184871669
jackie_sapienza,Mon Dec 22 21:47:19 +0000 2014,jackie,294,en,not given,2937583516
mckiser93,Thu Jul 15 00:47:52 +0000 2010,Madison Kiser,481,en,not given,166790802
cantschaapme,Fri Jun 21 19:01:33 +0000 2013,Cammy Schaap,809,en,not given,1537114374
KayliFusarini,Fri Oct 28 00:53:17 +0000 2011,kayli,313,en,not given,399770787
soren_flyinnn,Tue Jul 22 22:26:46 +0000 2014,Soren,150,en,NM/MN,2670853807
abrie_angelface,Tue Dec 28 13:27:54 +0000 2010,abriana moyer üåê,244,en,Pennsylvania,231420018
ashlyntwerk,Tue Jan 25 01:01:58 +0000 2011,ash ‚ô•,292,en,not given,242540715
LSchwabauer,Sun Nov 03 18:10:43 +0000 2013,Schwabby,243,en,not given,2172573205
tamponwthwings,Thu Aug 08 19:35:44 +0000 2013,audriana,561,en,"Minneapolis, MN",1656084541
nataliesw33t,Sun Jul 14 23:10:43 +0000 2013,Natalie,298,en,"Knoxville, TN",1594482913
baybaxendale,Sat Feb 12 18:41:13 +0000 2011,Bailey Baxendale,690,en,not given,251237894
breightysucks,Thu Feb 24 05:35:13 +0000 2011,bj,335,en,not given,256847043
Meghan__22,Thu May 01 00:13:36 +0000 2014,meg pellett,377,en,not given,2471668920
MaggieMcCarron1,Fri Jul 29 00:04:44 +0000 2011,Maggie McCarron,283,en,"Antigonish, Nova Scotia",344381488
majjjjah,Fri Apr 03 02:03:12 +0000 2009,meya,99,en,Makati,28476761
madisonmcd3,Wed Jun 17 21:24:44 +0000 2009,Madison McDaniel,304,en,not given,48122115
AltoEnPointe,Wed Dec 09 15:44:48 +0000 2015,Gabrielle Morris,133,en,not given,4508703152
nickyturza,Thu Jun 09 07:17:12 +0000 2011,Nicky Turza,114,en,not given,313802028
carcaraud,Sun Jun 19 07:33:12 +0000 2011,Carson,247,en,not given,320070553
justjoeysmusic,Sun Jul 10 23:44:02 +0000 2011,Just Joey,365,en,"San Jose, CA",333089502
moranelgober,Sat Nov 05 23:45:46 +0000 2011,moranel,326,en,not given,405900090
Marleeee10,Sun Jun 02 02:19:11 +0000 2013,‚òªmarlee richardson,378,en,not given,1476151032
ErrdayImShovlin,Sun Sep 11 22:52:27 +0000 2011,shovlin,421,en,Pittsburgh ,371998790
adambamonti,Mon Aug 29 22:32:10 +0000 2011,Adam,191,en,not given,364525404
alexwalker99,Sun May 04 20:36:45 +0000 2014,alex,956,en,"Mustang, OK",2529082019
deptofhighfives,Thu Feb 12 17:31:37 +0000 2009,What‚Äôs the wifi password?,1896,en,Toronto,20695857
oliviapelh,Mon May 30 04:13:12 +0000 2016,Olivia Pelham,193,en,904,737134739602214912
Bailey_Boulter,Mon Mar 05 23:35:28 +0000 2012,Bailey Boulter,143,en,not given,515979339
surfmesa,Wed Oct 01 21:21:21 +0000 2014,Powell Aguirre,112,en,"Seattle, WA",2837221675
MirandaTelmanik,Mon Sep 28 00:58:04 +0000 2009,Miranda Telmanik,257,en,not given,77882127
Reagan_Lax,Tue May 28 01:34:34 +0000 2013,Buzzed in the Tub,441,en,not given,1463578645
jeannetto,Wed Nov 19 13:47:27 +0000 2008,Jeannetto,280,en,"Portland, OR",17485951
haileysmith05,Thu Aug 13 02:50:59 +0000 2015,Hails,239,en,not given,3419305043
ChrisShut,Wed Feb 17 23:06:31 +0000 2010,Chris Shuttlesworth,336,en,"Richmond, CA",115200925
hannah_buege,Tue Apr 06 02:21:52 +0000 2010,Hannah Buege,493,en,"Menomonee Falls, Wisconsin",130016130
aimdogg,Mon Jun 28 18:08:09 +0000 2010,Aime,504,en,Earth,160624319
KatherineNewsom,Thu Jan 15 22:28:22 +0000 2009,Katherine Newsom,232,en,"Memphis, TN",19042532
MarloMeekins,Tue Jan 27 07:27:33 +0000 2009,Marlo Meekins,1852,en,"Los Angeles, CA",19581528
TayFayFisch,Mon Oct 17 04:39:45 +0000 2011,Taylor Fischer,735,en,"Kent, OH",392511162
heyedward,Mon Jan 10 05:18:08 +0000 2011,Edward Diaz,85,en,"Houston, Tx",236262337
kelcieofsealand,Wed Mar 02 18:39:53 +0000 2011,bakugou off i guess,163,en,Shrimp Heaven ||-//,259851451
StevieNoyes123,Sat Dec 22 18:33:41 +0000 2012,Stevie,286,en,not given,1029035342
steph_497,Wed Sep 24 15:03:31 +0000 2014,Stephanie,261,en,not given,2782523145
megmil928,Sun Jul 18 17:19:44 +0000 2010,meghan miller,378,en,"Fairfield, Ohio",168192723
RachKeneally,Wed Aug 17 02:30:29 +0000 2011,ÀóÀèÀã rachael ÀéÀäÀó,885,en,belmont university '20‚òÖ,356589597
OhMyKrista,Mon Sep 26 20:52:43 +0000 2011,Krista,181,en,"Ohio, USA",380551019
tenncynvin,Tue Apr 21 13:16:33 +0000 2009,Cynthia,428,en,"memphis, tennessee",33899023
slowdawning,Sat Mar 14 12:09:27 +0000 2009,Dawn,380,en,"Orlando, FL",24360136
MarkHess98,Wed Sep 15 00:35:57 +0000 2010,Mark Hess,1481,en,"Michigan, USA",190854421
ashleyspag,Sat Oct 13 16:06:33 +0000 2012,ash,419,en,not given,878150360
OhItsVic,Sun Jan 23 02:26:25 +0000 2011,victoria,156,en,not given,241757766
heather2846,Fri Aug 05 17:59:41 +0000 2011,Heather Young,121,en,not given,349182509
Drennan_Sean,Sat May 23 13:49:29 +0000 2009,sean drennan,502,en,"Charleston, SC",42028384
haleyYAYgrr,Wed May 04 02:08:12 +0000 2011,haley‚Ñ¢Ô∏è,742,en,"omaha, nebraska",292689503
MattiBorchers,Sun Aug 24 10:48:42 +0000 2014,Mattias Brennecke,42,de,"Peine, Deutschland",2762050136
kirstenmaried,Thu May 08 02:24:26 +0000 2014,Kirsten Davis,157,en,not given,2534580765
caseydepalma,Mon Jul 05 22:26:32 +0000 2010,casey depalma,379,en,long island,163236920
cooper_joerger,Sun Feb 07 23:13:47 +0000 2016,Cooper Joerger,405,en,"Omaha, NE",4875791130
loagtoad,Tue Feb 15 04:23:44 +0000 2011,≈Å√∏g√•√±,293,en,"Merritt Island, FL",252417534
ErinLPeters,Sat Sep 01 01:24:55 +0000 2012,Erin,396,en,not given,795052568
Tattytats,Fri Mar 05 21:13:08 +0000 2010,Tatjana Pasalic,105,en,"Midwest, USA",120225476
sarah_teeter,Sun Mar 02 03:17:06 +0000 2014,Sarah,441,en,not given,2368174958
teddysbeers,Sun Oct 28 14:35:16 +0000 2012,teddy,214,fr,"Killarney, Kerry, Ireland",910423758
lanepowell10,Fri Jan 30 15:04:09 +0000 2015,Lane Powell,205,en,not given,3005749049
chris_sadler8,Mon Sep 09 21:07:56 +0000 2013,Krispy Kreme,654,en,not given,1849466905
nickishandsome,Mon Nov 01 03:18:23 +0000 2010,MisterDance ü¶Ñü¶Ñü¶Ñ,271,en,not given,210697187
miragonz,Tue Feb 09 01:03:11 +0000 2010,Mira Gonzalez,330,en,"Los Angeles, CA",112581391
robkugler,Tue Feb 09 04:06:48 +0000 2010,Robert Kugler,495,en,United States,112617341
400luxali,Tue Mar 03 01:28:06 +0000 2015,ali,199,en,"Colorado, USA",3058962973
bpweller,Wed Nov 06 22:53:51 +0000 2013,brooklyn üê∂,240,en,Milky Way Galaxy,2178929497
bpweller,Wed Nov 06 22:53:51 +0000 2013,brooklyn üê∂,240,en,Milky Way Galaxy,2178929497
VictoriaLynn358,Mon Dec 03 22:03:24 +0000 2012,Victoria Stiner,211,en,not given,987506298
juliakite,Tue Dec 09 15:48:09 +0000 2008,Julia Kite,1218,en,New York City,17993644
wendyannwilson_,Sun Mar 17 07:24:26 +0000 2013,Wendy Wilson,132,en,"Puyallup, WA",1274298626
cwage,Tue May 29 18:56:50 +0000 2007,Chris Wage,290,en,"Nashville, TN",6422382
egraebs,Mon Mar 23 01:34:13 +0000 2015,emma,132,en,"Gales Ferry, CT",3104031085
ChristiannaJo,Tue Aug 03 20:14:57 +0000 2010,JoJo Evans,235,en,not given,174385249
MAGGIELETSON,Thu Jul 23 02:10:41 +0000 2015,m,182,en,not given,3288111572
Bromoish,Thu Aug 08 04:32:05 +0000 2013,Bromoish,255,en,"New York, USA",1654585453
_mmcgree_,Sat Jun 06 05:04:49 +0000 2015,Mati McGree,239,en,"Butte, MT",3237500802
allyadamssss,Fri Jul 31 23:17:17 +0000 2015,Al,570,en,not given,3302867377
lindseyhnystrom,Thu Nov 08 22:48:11 +0000 2012,lindsey,140,en,not given,935607822
joelask,Mon Nov 28 19:26:55 +0000 2011,Joe Lask,502,en,"Chicago,IL",423648209
chubbydogmemes,Thu Aug 04 04:36:39 +0000 2016,Chubbydogmemes,15,en,not given,761058241610514432
BaconatorUSAF,Tue Jul 20 22:17:24 +0000 2010,Nick Baker,350,en,USA,168830048
BlueBrawls,Thu Nov 12 21:06:44 +0000 2015,Blue,44,en,not given,4174026443
ThingsOnShelby,Sat Apr 26 02:18:14 +0000 2014,Things on My Dog,2,en,dms are open,2463938436
HayleyySmith,Sat Feb 28 19:52:57 +0000 2009,Hayley Smith,442,en,"Little Rock, AR",22288958
LouieJax,Fri Apr 15 10:35:23 +0000 2011,Louie,722,en,Surrey,282512118
_onikka_,Thu Oct 10 02:32:56 +0000 2013,8675309,274,en,san marvelous,1950637501
BrookeSagle,Sun Feb 10 01:41:56 +0000 2013,Brooke ‚òª,229,en,"Grand Rapids, MI",1164601926
KarlGAnderson,Sun Aug 22 23:16:48 +0000 2010,Karl Anderson,1069,en,"Minneapolis, MN",181738701
leahhmunsonn,Sun Jan 03 01:34:14 +0000 2016,LEATHAL WEAPON #2,371,en,"Detroit, MI",4699783645
matt___nelson,Tue Apr 08 23:00:56 +0000 2014,The Dogfather,193,en,snap: mattnelson-1,2434538047
kanskjenestegan,Thu Nov 24 11:46:29 +0000 2011,benjamin,227,en,"Melbourne, Victoria",420261247
acthomp17,Tue Feb 04 17:56:53 +0000 2014,Alayna,295,en,"Charleston, WV",2324385389
DominickCifelli,Mon Nov 21 21:21:30 +0000 2011,juul b2b pod,1654,en,not given,418182127
brellamorgs,Thu Dec 11 16:19:06 +0000 2014,bryn ‚ùÅ,331,en,black lives matter,2915725635
charlatina,Mon Mar 16 15:19:27 +0000 2015,Charlotte,698,en,"Derbyshire, England",3092467738
baileytowns_,Sat Oct 20 00:37:36 +0000 2012,bailey,240,en,not given,892134066
maddieredford_,Sat Mar 12 18:31:06 +0000 2011,Maddie,1201,en,"Newcastle Upon Tyne, England",264941999
jbriepayne,Wed Dec 21 15:31:36 +0000 2011,Jenna Payne,217,en,not given,442881235
KatieNordeen,Sat Mar 06 01:18:22 +0000 2010,Katie Nordeen,934,en,"High Point, North Carolina",120293202
thegreenskies,Thu Jun 12 12:30:40 +0000 2014,Pat Rick,494,en,"Grand Rapids, MI",2563339699
SarahArcherM,Fri Mar 14 16:51:34 +0000 2014,Sarah Archer,9034,en,not given,2389461618
ajfletch11,Thu Nov 06 22:37:03 +0000 2014,Austin J. Fletcher,214,en,"Kansas, USA",2864660183
luawna,Sat Jul 03 20:10:00 +0000 2010,LUANA,390,en,"los angeles, ca",162480357
Kiyyweq,Fri Apr 26 12:10:07 +0000 2013,Mol,176,en,not given,1381780429
itsryanwalsh56,Sun Dec 15 00:17:53 +0000 2013,Ryan Walsh,206,en,"San Carlos, CA",2246344620
Mangovxid,Wed Jan 09 21:02:23 +0000 2013,Mangovoid,72,en,SJO,1074878994
emmahartsel,Tue Jan 27 12:28:40 +0000 2015,emma,303,en,not given,3001258101
estherjordinson,Sat Mar 17 21:16:46 +0000 2012,est,625,en,"Reading, England",527847891
ScottDautel,Tue Dec 04 12:53:37 +0000 2007,Scott Dautel,225,en,"Delaware, USA",10836692
amookietookie,Thu Jan 23 00:08:56 +0000 2014,Amy,223,en,North Carolina,2305655408
_mykaela_lynne,Tue Jan 29 21:51:53 +0000 2013,mykaela king,457,en,not given,1132221446
LinzAlyssa202,Sat May 26 03:18:16 +0000 2012,Lindsey Alyssa,248,en,"South Carolina, USA",590549002
shakira427,Mon Nov 26 20:55:33 +0000 2012,Kira Ryan,57,en,not given,972688974
SpellacyDan,Wed Jun 11 06:54:36 +0000 2014,Donny Spellakeyüñ≤,86,en,Chalk Zone,2560776517
_dharv,Wed Aug 26 05:26:58 +0000 2009,Danielle,265,en,Jersey,68906858
BlueHogReport,Thu Apr 04 22:40:43 +0000 2013,Blue Hog Report,3179,en,"Little Rock, AR",1327956991
KelseyJoJo20,Sun Feb 26 22:17:26 +0000 2012,Kelsey Davis,401,en,not given,505072541
Salukis2,Tue Aug 07 14:01:21 +0000 2012,Áä¨„ÅÆÂàáÊâã„Å®ÂèØÊÑõ„ÅÑÂãïÁâ©ÁîªÂÉè@bot,4108,ja,not given,742965882
STANKYLEGLOPEZ,Fri Jul 25 07:29:02 +0000 2014,stankdick,150,en,not given,2723914193
_audreyhd,Sun Mar 04 23:00:09 +0000 2012,audrey,314,en,not given,514860628
koreanfacekick,Tue Jul 03 06:06:55 +0000 2012,Yorkshire Kicker,85,en,Keighley,625304282
_audreyhd,Sun Mar 04 23:00:09 +0000 2012,audrey,314,en,not given,514860628
RogueGameplay,Tue Jan 29 22:29:34 +0000 2013,rcrogue,68,en,USA,1132294777
dakotasmith,Sun Jul 16 20:10:16 +0000 2006,Dakota LJ Ferguson Smith,1163,en,"Davis, CA",1546
TyEblen,Thu Jun 18 01:24:02 +0000 2009,Ty Eblen,1722,en,"Evansville, Indiana",48194353
CayleeErin12,Fri Oct 18 20:43:44 +0000 2013,Caylee Smith‚õµÔ∏è,586,en,cstat,1969512132
GregBaskwell,Sun Jun 14 01:56:23 +0000 2009,Greg Baskwell,313,en,"Charlotte, NC | Raleigh, NC",47009213
KarishmaWalia,Wed Jul 29 10:09:31 +0000 2009,Cynic Cynosure,449,en,"Gurgaon, India",61161671
PoorKaraoke,Sun May 04 16:44:50 +0000 2014,Poor Karaoke,325,en-gb,London,2477144227
JDKinniburgh_,Mon Apr 20 11:55:58 +0000 2009,Josh,336,en,"Manchester, England",33489513
cutesyapp,Wed Dec 10 21:41:55 +0000 2014,Cutesy,17,en,"San Francisco, CA",2926160684
vysheim,Mon Jun 09 01:55:44 +0000 2014,Vanessa hernandez,7,en,not given,2593694530
PlunkettPrime,Fri Apr 26 17:27:51 +0000 2013,r,283,en,ü§°,1382451680
_doolicious,Wed Jul 10 02:17:16 +0000 2013,Rachel,90,en,"Maryland, USA",1581956202
vcav,Wed Dec 31 21:59:06 +0000 2008,vcav,1326,en,"Bay Ridge, Brooklyn",18517383
LisaBaller,Sun Dec 19 01:06:31 +0000 2010,plain jane,159,en,not given,228198012
Ben_Kirtland,Wed Nov 14 02:29:33 +0000 2012,Benjamin Kirtland,381,en,not given,946918508
amholla16,Thu Jul 05 01:07:57 +0000 2012,Andrea Holland,326,en,"Santander, Spain",627012645
breghazali,Sat Nov 05 19:55:33 +0000 2011,lil pistachio,289,en,Lebanese,405782554
Reece_Coupland,Mon Feb 27 16:38:16 +0000 2012,Reece,388,en,Spalding,506081639
Raj_z33,Mon Jun 27 07:11:47 +0000 2011,Raj Singh,318,en,"Chico, CA",324802203
R_Shoemaker97,Tue Sep 27 03:42:54 +0000 2011,Shoe,288,en,not given,380723672
emmafgriffin,Tue Jul 07 21:58:39 +0000 2015,Emma Griffin,300,en,not given,3271377397
Mtmannarino,Fri Jul 29 03:08:03 +0000 2011,M,91,en,"Nashville, TN",344463573
hollyrushakoff,Fri Jun 12 15:44:16 +0000 2009,Holly Rushakoff,2162,en,"Urbana, IL",46678368
YuriYurisky,Thu Feb 07 17:40:30 +0000 2013,Yuri Cortez,921,en,Mexico,1157796926
cay_howard,Sun Apr 15 17:37:04 +0000 2012,Cayla Howard,335,en,"Florida, USA",554593461
MSants17,Sat Jan 28 02:34:32 +0000 2012,Michael Lars Santee,88,en,not given,476382524
DesperateAnnie,Wed Feb 25 09:23:43 +0000 2009,Annie Morris,7145,en,"Kildare, Ireland",21849916
Salukis2,Tue Aug 07 14:01:21 +0000 2012,Áä¨„ÅÆÂàáÊâã„Å®ÂèØÊÑõ„ÅÑÂãïÁâ©ÁîªÂÉè@bot,4108,ja,not given,742965882
lucyclaire17,Sun May 20 03:55:03 +0000 2012,Lucy,385,en,not given,585340561
zachjack_,Tue Mar 31 23:03:51 +0000 2009,Zach Smoroden,349,en,not given,27988177
kendallfreeman,Thu Mar 05 03:19:38 +0000 2009,Kendall Ann,738,en,not given,22872122
MelinaSophie,Tue Oct 01 17:39:27 +0000 2013,melina sophie,124,de,√çsland,1924076820
findingascia,Thu May 06 21:26:13 +0000 2010,~ ascia ~,825,en,Los Angeles,140974996
Derektionary,Sat Apr 20 05:59:40 +0000 2013,Derek Orr,170,en,"Pittsburgh, PA",1366290577
annanotbananna,Sat Feb 07 21:07:11 +0000 2015,Anna Lovel,37,en,not given,3012766039
briellewestwood,Mon Aug 13 01:33:09 +0000 2012,Brielle,536,en,not given,754157582
RelicAlshain,Sun Mar 07 16:28:12 +0000 2010,Moonlapse Vertigo,141,fr,not given,120808514
Lee4abitz,Tue Sep 20 19:35:24 +0000 2011,Austin Abitz,134,en,"Lawrence, Kansas",376954750
briannabianca_,Sun Nov 17 05:14:11 +0000 2013,bri,114,en,not given,2198949432
GabbyHalle,Fri Feb 05 21:03:01 +0000 2010,Gabby Halle,172,en,not given,111693838
OhMyGod_B3CKY,Fri Feb 24 01:06:48 +0000 2012,Beckyüêù,371,en,Wisconsin,501317858
joannadelrey,Sun Dec 25 13:49:27 +0000 2011,jo,728,en,@lanadelrey,446254728
mabry_sam,Fri May 23 13:27:05 +0000 2014,Sam Mabry,447,en,not given,2560271217
kace_monster,Thu Nov 25 16:02:55 +0000 2010,kacey.,450,en,indy,219692110
jk_rowling,Mon Aug 03 13:23:45 +0000 2009,J.K. Rowling,628,en,Scotland,62513246
DNesbi,Mon Oct 28 21:41:24 +0000 2013,Superfly13,125,en,not given,2157773235
avxlanche,Mon May 13 14:15:38 +0000 2013,sword,357,en,"Virginia Beach, VA",1425581874
KitchenDAT_ATC,Sat Feb 21 02:55:19 +0000 2015,Addam Kitchen ATC,398,en,"Cincinnati, OH",3048560530
fleetway98,Fri Oct 05 03:03:58 +0000 2012,EndMinX90,349,en,"California, USA",862431007
asalsbur,Sat Jan 12 15:10:15 +0000 2013,Alexa Salsbury,208,en,"Blacksburg, VA",1083237414
MiamiButter,Sun Sep 11 19:18:10 +0000 2016,Butter Blake,23,en,"Miramar, FL",775050822723874816
fwitter_usage,Sun Mar 20 15:14:13 +0000 2016,Sara,58,en,not given,711571551800434688
RaquelRomano728,Fri Mar 23 01:28:13 +0000 2012,Raquel Romano,332,en,Southington||Willimantic,533814054
peakwithme,Mon Jul 20 20:10:44 +0000 2015,Peak With Me,621,en,"Las Vegas, NV",3384963088
SallyRuthRose,Sun Apr 29 03:55:27 +0000 2012,Sally,380,en,not given,566041986
madii_h_,Wed Aug 31 17:34:30 +0000 2016,Madi H.,33,en,"Oceanside, CA",771038466767396864
kadrian_15,Thu Apr 17 11:49:40 +0000 2014,Kelli Adrian,68,en,not given,2449586958
Seerenity_b,Fri Nov 22 02:01:55 +0000 2013,mardy bum,249,en,not given,2208143516
emiIybetts,Tue Jun 09 00:18:40 +0000 2009,courts ‚ú®,842,en,lyatt / deckerstar / olicity,45713668
_kmt15,Sun Aug 26 23:54:55 +0000 2012,LittleOptiMess,569,en,the sandlot,783426745
gaudz28,Tue Nov 24 13:08:14 +0000 2009,Nick Gaudio,418,en,"Adelaide, Australia",92268300
kenzieann_97,Mon Jan 09 22:49:09 +0000 2012,McKenzie Davidson,245,en,Louisiana ,459669064
JennaDelPozzo,Tue Jun 19 20:42:56 +0000 2012,Jenna Del Pozzo,245,en,"Phoenix, AZ",612843995
TyParkerS,Sat Jul 07 04:23:29 +0000 2012,ty parker,101,en,"New Orleans, LA",628998004
krista_thomas,Sun Dec 30 07:11:05 +0000 2012,Krista Thomas,318,en,Sydney,1047098184
KendahlHahn,Wed Jun 16 20:16:06 +0000 2010,Kendahl Hahn,380,en,"Flower Mound, TX",156384370
lucycol4,Sun Oct 30 21:30:02 +0000 2016,Lucy Collinson,25,en,not given,792841012913721344
SCarpenter_15,Thu Dec 29 20:47:57 +0000 2011,Savannah,426,en,not given,450065456
corrine_16,Mon Feb 20 14:40:31 +0000 2012,corrine,693,en,not given,497942950
malloryhladik,Sat Nov 10 23:44:26 +0000 2012,MalüéÉ,406,en,not given,940177788
nattig,Fri Feb 13 15:23:58 +0000 2009,natti glover,133,en,"ware, hertfordshire",20777471
JoannePistonFan,Wed Apr 22 02:30:30 +0000 2009,JPF,599,en,not given,34148664
leaderkreeder,Sun Mar 13 04:05:58 +0000 2016,Kreeder,196,en,not given,708866665857966080
agrumpybackpack,Wed Oct 26 20:42:35 +0000 2016,Life of Backpack,1313,en,Some guy's back,791379520305532928
xNellyBelly,Tue Feb 28 02:03:11 +0000 2012,Emanuelleeüå∏,856,en,not given,506719093
Joshstram,Tue Nov 12 22:27:06 +0000 2013,"Josh, Loa of Corgis",283,en,Central FL,2191159249
sammcmanusss,Tue Dec 27 13:08:50 +0000 2011,sam,756,en,not given,447959363
melinarushton,Mon Jun 29 17:13:45 +0000 2015,mel ‚ù£Ô∏è,229,en,not given,3260073606
alliecstud,Sat Jun 21 19:46:35 +0000 2014,allieüíõüíú,1104,en,not given,2580948404
Shadowthewestie,Fri Jul 10 00:54:12 +0000 2015,OwenTheWestiePup,144,en,"Minneapolis, MN",3273514086
Acidgrim777,Thu Nov 10 22:38:51 +0000 2016,Acidgrim,27,es,not given,796844597091581952
nick_rayy,Tue Mar 26 02:09:16 +0000 2013,Nick,194,en,not given,1302009956
DrScytheMusic,Sun Sep 20 14:33:20 +0000 2009,DrScythe,211,en,"Earth, Milky Way, Universe, ?",75797173
wantlessblog,Sat Jun 06 10:29:18 +0000 2015,Claire WantLess,903,en,United Kingdom,3310417001
TheSuzannahLee,Mon Mar 04 00:46:31 +0000 2013,Chocolate Hawk,69,en,"Brooklyn, NY",1240167234
PRlNCESSEMMA,Mon Jun 18 23:30:50 +0000 2012,emma,316,en,"Portland, OR",612175389
alexbasham_,Tue Feb 24 17:57:01 +0000 2015,alex b.,274,en,"Kentucky, USA",3059678764
aidannn_b,Sun Aug 10 00:35:32 +0000 2014,aidan ballesteros,245,en,not given,2738608684
chefconaway,Wed Aug 06 05:38:18 +0000 2008,Zach Conaway,289,en,"Los Angeles, CA",15746603
AutumnJade10,Mon May 07 00:40:07 +0000 2012,Autumn Hinote,356,en,"Auburn, AL",573233742
ml10e,Fri Nov 26 13:19:29 +0000 2010,michelle,165,en,not given,219988997
jengolbeck,Thu Feb 25 21:41:03 +0000 2010,Dr. Jen Golbeck,361,en,"College Park, MD",117539435
patronusblue,Wed Jan 11 19:59:31 +0000 2012,Abbie ‚ö°Ô∏èüíõ,550,en,Colorado,461426677
LoNicole13,Sun Aug 07 23:44:49 +0000 2011,LoNicole,90,en,not given,350555760
annaclairer01,Thu Nov 06 02:41:52 +0000 2014,Anna,144,en,not given,2891573546
RadReuben,Thu Feb 11 04:55:28 +0000 2016,u«ùqn«ù·¥ö,197,en,"Hemet, CA",4891076892
carlysodunn,Mon Jul 02 03:20:04 +0000 2012,carly,1543,en,ig: carlysodunn,624396135
AdmirableNelson,Thu Jul 01 06:37:14 +0000 2010,Jeff Nelson,121,en,"Denver, CO",161589092
MSU_Football,Mon Apr 20 17:19:42 +0000 2009,Michigan State Football,626,en,"East Lansing, Mich.",33587536
Timbertyphoon,Thu Mar 05 01:17:15 +0000 2009,Terrifically Tasseled Timbehr @ Feral!,265,en,"San Francisco, CA",22858715
taniadelrio,Wed Jun 17 17:20:38 +0000 2009,Tania del Rio,767,en,"Pasadena, CA",48036658
JPatRich_2,Mon Apr 13 16:36:33 +0000 2009,John P. Richards II,187,en,OKC,30898396
Rach_houston,Wed Jul 01 15:48:17 +0000 2009,Rach Houston,361,en,"Rockford, IL.",52760617
JPatRich_2,Mon Apr 13 16:36:33 +0000 2009,John P. Richards II,187,en,OKC,30898396
daang12,Sat Feb 26 03:52:54 +0000 2011,viet goddess,410,en,tex-ass ,257769717
Lauren_Arrabito,Sat Jan 16 23:35:00 +0000 2010,lauren,347,en,FL,105624251
ally_maclaine,Mon Feb 04 01:46:02 +0000 2013,Ally MacLaine,463,en,"Zanesville, OH",1146728964
benoonbenoon,Mon Apr 14 10:34:10 +0000 2008,Paul Bennun,805,en, üá™üá∫ ‚û°Ô∏è üá∫üá∏,14383556
donthityourbro,Sat Jun 25 16:42:16 +0000 2016,Mo,4306,en,Here.,746745333082791936
tiedye_princess,Sat Jan 05 06:17:58 +0000 2013,‡∏Ö^‚Ä¢Ôªå‚Ä¢^‡∏Ö,379,en,"Nashville, TN",1062302384
AndrewPyykkonen,Mon Jan 28 15:24:24 +0000 2013,Pyke,197,en,"Tempe, AZ",1128385849
MyStubbornMind,Fri Nov 20 02:01:32 +0000 2015,Erin ü¶é,149,en,"Illinois, USA",4231023796
Lambsgobaa,Wed May 20 03:19:37 +0000 2009,Lambsgobaa,1651,en,Brisbane,41285363
katiefust26,Sat Nov 09 18:58:21 +0000 2013,katie fust,320,en,Rochester // Marquette ,2184871669
sierratagle,Sun Jun 09 23:53:24 +0000 2013,hot grandma,227,en,"San Francisco, CA",1496926717
BreakingBingo,Mon Oct 31 15:24:22 +0000 2011,Breaking Bingo,135,en,The United States,402109124
Browns,Fri May 15 23:16:44 +0000 2009,Cleveland Browns,443,en,"Cleveland, OH",40358743
Joshstram,Tue Nov 12 22:27:06 +0000 2013,"Josh, Loa of Corgis",283,en,Central FL,2191159249
lizbroyles,Sat Jan 09 17:32:28 +0000 2016,Elizabeth Broyles,63,en,not given,4734403933
DanielAMorrow,Wed Sep 02 19:12:04 +0000 2009,Dan Morrow,705,en,Halloweentown/NY,71047424
ratchgraham,Mon Sep 03 19:35:42 +0000 2012,spicy avocado ranch dip,604,en,cfont,801071689
dj1023,Fri Dec 14 01:03:02 +0000 2012,Dylan Jensen,297,en,not given,1010094666
MOZYandMILLIE,Thu Oct 03 17:25:14 +0000 2013,Mozy & Millie,39,en,not given,1931478073
Gary_TheDog,Fri Sep 05 22:01:14 +0000 2014,Gary the Dog,47,en,doghouse,2762340845
alfthepuppy,Wed Jul 16 02:43:42 +0000 2014,alf,63,en,"nashville, tn",2649776886
maggie_mcgaugh,Fri Jun 26 20:57:39 +0000 2009,Maggie McGaugh,115,en,"Fort Worth, TX",51222536
taycolmenero,Thu May 26 19:23:21 +0000 2011,Taylor Colmenero,466,en,"Utah, USA",305766960
ruhipatel_,Fri Apr 18 16:01:05 +0000 2014,Ruhi Patel,599,en,not given,2451586328
DickersoLisa,Fri Nov 22 23:45:19 +0000 2013,Lisa Dickerson,560,en,Your boyfriends house,2209694995
QuincyBreaux,Wed May 18 02:29:27 +0000 2011,Quincy Sullivan,131,en,"Austin, TX",300622787
Sarahahson,Thu Mar 22 20:14:13 +0000 2012,Sarah Ahsonüñ§,593,en,not given,533544903
jengolbeck,Thu Feb 25 21:41:03 +0000 2010,Dr. Jen Golbeck,361,en,"College Park, MD",117539435
tgies1,Thu Dec 24 01:05:41 +0000 2009,Taylor Gies,124,en,"gainesville, fl",98996589
Chris_Law5,Sun Sep 16 18:18:38 +0000 2012,chris,232,en,"Columbia, SC",827522402
elijahdaniel,Fri Aug 26 19:22:18 +0000 2011,lil phag,1758,en,"los angeles, ca",362655140
sydneycristine,Wed May 15 01:32:56 +0000 2013,sydney,479,en,"Chattanooga, TN",1429259738
terinahamon,Sat Feb 22 21:31:01 +0000 2014,terminal,181,en,not given,2356960322
MarkieDiCarlo,Mon Mar 18 23:37:38 +0000 2013,Markie DiCarlo,195,en,"Michigan, USA",1279012626
santhaxo,Sat Sep 07 03:09:30 +0000 2013,sammy‚òæ,197,en,"Monterey, CA",1739913326
LoveYourMelon,Thu Oct 11 02:53:38 +0000 2012,Love Your Melon,1606,en,"Minneapolis, MN",872887164
NovaSkyePup,Tue Dec 13 23:32:56 +0000 2016,Nova Skye,5,en,"Irvine, CA",808817006547898368
madisunny,Sun Apr 05 21:29:00 +0000 2009,Madison Whitley,293,en,"San Francisco, CA",29070172
rewa2303,Sun Jul 07 08:57:53 +0000 2013,Rewa,251,en,"Mumbai, India",1574701376
Harlso,Sun Oct 16 20:57:15 +0000 2016,Harlso,971,en,"Belfast, Northern Ireland",787759330896539648
gwickerham,Fri Mar 27 03:20:12 +0000 2009,greg wickerham,440,en,not given,26937517
christylach,Fri Dec 23 21:09:52 +0000 2011,Christy Lachappelle,184,en,not given,444964991
_shelbylewis,Mon Jan 09 04:05:55 +0000 2012,S,291,en,"Harmony, NC",458960986
tubby4lyfe,Sat Mar 12 02:15:46 +0000 2016,Jennie,49,en,not given,708476546722471937
marymargaret,Wed Feb 06 18:25:22 +0000 2008,Mary-Margaret Jones,921,en,"√úT: 43.65394,-79.418784",13170172
Ksig503,Tue Feb 28 06:23:34 +0000 2012,Patrick Bellah,274,en,not given,506973975
jestinajoy_,Sun Mar 27 00:54:34 +0000 2011,jestina,76,en,not given,272698177
alind02,Fri Apr 18 22:27:26 +0000 2014,amanda lindgren,236,en,Chicago,2493237423
jaketapper,Fri Apr 25 17:23:28 +0000 2008,Jake Tapper,6566,en,not given,14529929
abbow18_bowen,Thu Jul 12 16:20:06 +0000 2012,Abigail,245,en,not given,633853313
Everblue86,Sat Jan 31 11:44:54 +0000 2015,Brownie,463,en,"England, United Kingdom",3007465419
Alice_Moran,Tue Jun 02 15:45:13 +0000 2009,Alice Moran,394,en,Canada üá®üá¶,44141752
niicolekayy,Mon Aug 26 23:35:21 +0000 2013,nicole,293,en,"Gilbert, AZ",1703175480
kaylabrookee97,Mon Feb 20 00:00:30 +0000 2012,Kayla,178,en,Probably at work,497423652
ak_bakes,Sun Sep 30 02:03:06 +0000 2012,Allison Baker,244,en,"Battle Creek, MI",853930944
alikal47,Mon Oct 15 22:53:59 +0000 2012,Ali,174,en,not given,883278572
lilcarlypaige,Mon May 18 18:39:10 +0000 2015,carly,364,en,"Brighton, MI",3288809993
502_Wilson,Thu Jan 19 03:01:56 +0000 2012,Nolyn Wilson,234,en,"Louisville, KY",468022614
Solsjo,Mon Mar 22 14:13:44 +0000 2010,Susanne Sj√∂stedt,3043,sv,not given,125342906
annaverwoerd,Tue Sep 06 00:30:45 +0000 2011,anna sun,332,en,University of Louisville,368650958
lookitsiain,Wed Jan 11 21:09:51 +0000 2017,schindlers fist,179,en,"Houston, TX",819290245556486146
MediaStevens,Tue Jan 25 22:42:24 +0000 2011,Christina Stevens,2549,en,Victoria,242928273
audouuce,Fri Jun 21 21:05:21 +0000 2013,Aude üè≥Ô∏è‚Äçüåà,172,fr,Med Rouen,1537361905
Alejandrobot,Tue Apr 14 12:00:28 +0000 2009,Alejandro A. Arbona üáµüá∑,881,en,New York City / San Juan,31105651
JakeOsborne66,Fri Nov 13 15:21:23 +0000 2015,Jake Osborne,105,en,"Richmond, KY",4179594323
cityblm,Mon Sep 30 14:12:16 +0000 2013,City of Bloomington,167,en,"City of Bloomington, Illinois",1920241417
gabrielcerrasco,Sun Feb 01 18:24:52 +0000 2015,gabr√≠el,171,en,sc; gabrielcerrasco,3007106011
GavinRamblesOn,Sun Aug 18 06:28:58 +0000 2013,Stephen Gavin,1203,en,Seattle-Home NY/Denver- work,1679983278
CincinnatiZoo,Thu Jan 15 21:41:32 +0000 2009,Cincinnati Zoo,1688,en,"Cincinnati, OH",19040451
HadleyMayBean,Tue Apr 23 19:19:29 +0000 2013,Hadley,194,en,not given,1375305385
ShopWeRateDogs,Sun Jul 10 16:31:13 +0000 2016,The Dog Rates Shop,6,en,worldwide af,752178371354882049
13fingerfx,Mon Dec 28 00:54:45 +0000 2009,Dan Martin,771,en,London,99821135
ttaylorfaithh,Thu May 17 12:10:38 +0000 2012,‚ú∞ taylor isbell ‚ú∞,2161,en,"Clay, AL",582717634
Chappee_98,Wed Dec 14 23:56:18 +0000 2011,Alexandra Herndon,166,en,not given,437072817
jthomp_,Thu Feb 26 04:37:20 +0000 2009,Julie,260,en,not given,21970415
WKCDOGS,Fri Dec 18 17:13:11 +0000 2009,Westminster Dog Show,529,en,"New York, NY",97708927
karinbrulliard,Tue Dec 14 03:52:56 +0000 2010,Karin Brulliard,507,en,"Washington, DC",226426787
BlinkTenor,Tue Feb 07 20:01:43 +0000 2012,Bob,33,en,not given,485986353
istanbulbld,Tue Jan 18 07:46:46 +0000 2011,ƒ∞stanbul B√ºy√ºk≈üehir,182,tr,ƒ∞stanbul,239715983
onetailatatime,Mon Aug 31 15:31:54 +0000 2009,One Tail at a Time,1051,en,"Chicago, IL",70419855
sprvgue,Sat Sep 04 19:59:56 +0000 2010,Jacob,704,en,"Michigan, USA",186929903
hseidema,Thu Jul 10 20:33:59 +0000 2008,Hans,370,en,"Prince Rupert, British Columbi",15382872
utahhumane,Tue Oct 20 21:03:36 +0000 2009,Humane Society of Ut,1715,en,"Murray, UT",83925198
anissa_mota,Tue Sep 27 02:49:02 +0000 2016,Anissa Mota,105,en,Instagram | anisssa ,780600103509766144
BPowPow,Wed Mar 24 03:34:13 +0000 2010,Blair,100,en,not given,125868814
jk_rowling,Mon Aug 03 13:23:45 +0000 2009,J.K. Rowling,628,en,Scotland,62513246
RayNarvaezJr,Tue May 22 20:17:03 +0000 2007,rayyyyyyyy lmao,435,en,"Austin, TX",6243142
ashlyntwerk,Tue Jan 25 01:01:58 +0000 2011,ash ‚ô•,292,en,not given,242540715
emmadoesthings,Wed Aug 05 23:32:35 +0000 2015,emma ‚Äúnothing is real‚Äù harris,213,en,Somewhere in N.California,3404911181
casey_mccarth,Wed Jan 08 02:32:57 +0000 2014,Casey McCarthy,323,en,Long Island,2268029806
ASolakov,Mon Nov 19 00:04:24 +0000 2012,Angel,174,en,"London, England",956451283
raeingramxox,Tue Dec 27 03:48:31 +0000 2011,rae,258,en,georgetown,447645214
Diverge,Sat Jun 08 20:12:28 +0000 2013,Christian,500,en,"Las Vegas, NV",1493813894
AnnaRoubos,Mon Aug 16 20:10:51 +0000 2010,Anna Roubos,589,en,"Alameda, CA",179219606
mdperino,Wed Nov 02 01:09:22 +0000 2011,Matthew Perino,198,en,"Westerly, RI",403103072
Meeras_mom,Wed Dec 15 01:59:10 +0000 2010,Allison üê∏‚òï,92,en,"Texas, USA",226781143
melissa_ax14,Tue Nov 15 03:24:02 +0000 2011,Melissa Axelrod,192,en,not given,412766662
jenny_2080,Fri Jun 13 01:16:00 +0000 2014,Jenny,218,en,not given,2564357844
geekologie,Fri Dec 24 00:17:59 +0000 2010,Geekologie,28,en,The Internets,230005832
IrishMacPatti,Fri Feb 18 03:42:18 +0000 2011,Libby Mac,500,en,not given,253865206
seoycat,Sun Jan 17 06:56:51 +0000 2016,cat,270,en,Sydney,4772321113
Andy_Pace_,Tue May 05 13:14:30 +0000 2015,"Connor, the android sent by Cyberlife",573,en,not given,3235854317
rudimcwhirr,Sat Apr 21 20:02:46 +0000 2012,Rudi McWhirr,559,en,"Rome, GA",559835140
somethinfancy,Wed Jun 22 20:20:12 +0000 2011,Kate Billman,58,en,not given,322210668
mischkabelle,Sat Apr 07 12:52:11 +0000 2012,Michelle,726,en,That London,547582220
thekebabylon,Mon Nov 11 19:30:41 +0000 2013,i haven't seen it. üíñüíúüíô,215,en,not given,2177250406
OfficerEdith,Fri Oct 09 21:52:40 +0000 2015,Officer Edith,297,en,not given,3840640154
lalisimo,Mon Oct 19 19:33:11 +0000 2009,Francisco Leal,151,es,not given,83671200
desdemona47,Thu May 29 01:25:40 +0000 2008,Elaine,175,en,"Deltona, FL",14939609
PacificCommand,Fri Mar 13 02:53:11 +0000 2009,U.S. Indo-Pacific Command,2932,en,"Camp Smith, Hawaii",24112747
YouCouldAsk,Sat Aug 29 22:00:15 +0000 2009,"Rochambeau, dig me?",616,en,"cincinnati, oh",69973582
sam_litt,Tue May 03 00:27:25 +0000 2011,Sam Litt,318,en,"Raleigh, NC",292028694
katiebergey,Wed Feb 01 15:44:07 +0000 2012,Katie Bergey,94,en,South Carolina,480510140
AdemAracWUSA9,Sat Aug 01 21:04:41 +0000 2015,Adem Arac,1072,en,"Washington, DC",3303705313
miragonz,Tue Feb 09 01:03:11 +0000 2010,Mira Gonzalez,330,en,"Los Angeles, CA",112581391
Brenna_28_,Tue Mar 01 22:56:59 +0000 2016,Brenna,208,en,not given,704802644733218816
KirstyKomodo,Thu Jun 25 21:18:19 +0000 2009,Kirsty Komodo,307,en,England,50773367
RachaelW160,Tue Nov 03 15:53:57 +0000 2009,king rach,2297,en, Edinburgh,87219172
madd_rich,Fri Jan 06 01:14:00 +0000 2012,Maddie Richmond,390,en,RVA,456235075
Bromoish,Thu Aug 08 04:32:05 +0000 2013,Bromoish,255,en,"New York, USA",1654585453
libby_farley,Wed May 18 21:43:12 +0000 2011,libby farley,445,en,indianapolis,301098748
kalssw,Sun Nov 02 17:23:10 +0000 2014,Kali,164,en,not given,2887707199
lpbskinner,Fri Mar 20 20:18:44 +0000 2015,Luke Skinner,94,en,"Ontario, Canada",3100218508
kmdaugherty,Thu Jul 12 03:53:42 +0000 2012,kayla,196,en,"Las Vegas, NV",633436325
EdnaBateman,Thu Feb 23 04:53:35 +0000 2012,Ed√±a Batema√±,2389,en,Georgia,500461649
Br0gn,Sun Oct 07 14:47:41 +0000 2012,BrogAn,222,en,"Corby/Manchester, England",866439908
puckthat_,Thu Aug 12 17:40:40 +0000 2010,Rachel Tufano,102,en,not given,177638382
FurzeyRetriever,Sun Jun 01 11:20:04 +0000 2014,Furzey & Thor‚ö°,2155,en,"Poole, England",2575162179
breaannanicolee,Sun Dec 30 01:41:49 +0000 2012,Breanna Burd,492,en,Probably a concert ,1046500110
KenziB94,Sat Jul 16 01:06:44 +0000 2011,Kendra Barton,650,en,not given,336272280
APforz,Thu Oct 13 06:50:51 +0000 2016,Adrian Pforzheimer,497,en,"Fairlee, VT",786459166290378752
CYurjevic,Mon May 04 14:21:01 +0000 2015,Chezney Yurjevic,306,en,"Ohio, USA",3185322583
emilia_longo,Sat Jan 31 02:06:11 +0000 2015,Emilia,75,en,"Tequesta, FL",3006847889
sioremy,Wed Jun 22 10:05:26 +0000 2011,Siobhan,253,en,Brisbane,321909158
woahsarone,Wed Jun 18 07:36:58 +0000 2014,.,84,en,insta: eeeeeyikes,2619399755
sardar_kutto_ka,Thu Jan 19 07:38:29 +0000 2017,indiannn,25,en,India,821985164276498432
VAVAVLOU,Mon Dec 05 20:16:55 +0000 2011,‚òæ ‚Ñí‚Ñ¥.œã ‚ú©,397,en,„Äê=‚óàÔ∏ø‚óà=„Äë,429302113
luvgraceguy,Mon Mar 31 17:42:03 +0000 2014,grass guyüå±üåøüêâ,240,en,not given,2420867456
drewjhudson,Tue Mar 29 16:50:19 +0000 2011,Drew Hudson,644,en,"Atlanta, GA",274052468
zuanne,Wed Apr 02 18:48:21 +0000 2008,Suzanne,83,en,Chicago,14286249
weil_41,Sat Apr 23 22:53:52 +0000 2016,Zachary Weil,7,en,"Seattle, WA",724008417002663936
jeffreylhoover,Mon Nov 19 20:41:50 +0000 2012,Jeffrey,141,en,"Nashville, TN",958486819
dirtbaaag_,Sat Jul 25 21:17:48 +0000 2009,üåπbaby snakes,297,en,"Indianapolis, IN",60151718
nfallang21,Sat Jun 02 00:52:55 +0000 2012,Nikole Fallang,154,en,"Florida, USA",596945534
FourCM,Fri Jul 02 23:34:03 +0000 2010,Four Corners Media üî¶,3822,en,Brooklyn and the world. ,162187576
Jenna_Marbles,Tue Aug 18 14:48:53 +0000 2009,Jenna Marbles,76707,en,Horsehead Nebula,66699013
Jenna_Marbles,Tue Aug 18 14:48:53 +0000 2009,Jenna Marbles,76707,en,Horsehead Nebula,66699013
Sam_Perez27,Wed Apr 25 03:34:40 +0000 2012,Sam Perez,324,en,"Texas, USA",562560215
delgabanzobeenz,Wed Aug 03 20:01:48 +0000 2011,Annie DelGarbino,154,en,330,348049822
im_alexa_,Sat Feb 14 04:10:36 +0000 2009,alexa,482,en,PA,20830497
BurkhartAdriana,Tue Jun 19 02:32:23 +0000 2012,Adriana Burkhart,357,en,"East Lansing, MI",612282876
StephTheresaR,Fri Mar 02 00:17:16 +0000 2012,Stephanie Robinson,34,en,not given,511086557
MTZLER,Sun Oct 18 22:16:29 +0000 2009,Mike Metzler,5424,en,Search üÜí on Snapchat,83459834
KBliverino,Sun May 06 18:05:42 +0000 2012,K8,259,en,not given,572879389
matt___nelson,Tue Apr 08 23:00:56 +0000 2014,The Dogfather,193,en,snap: mattnelson-1,2434538047
jlcockre,Mon Mar 25 21:39:06 +0000 2013,Jennifer Cockrell,53,en,"New York, NY",1301247626
ForrestDickhut,Mon Jun 24 01:42:17 +0000 2013,ùöâùöäùöåùöëùöäùöõùö¢,320,en,"Mitchell County, WI",1542268189
kevin_petrillo,Sat May 10 23:04:22 +0000 2014,Kevin Petrillo,509,en,not given,2539891191
l_spillane,Tue Jan 13 13:10:54 +0000 2009,Laura,114,en,not given,18937389
reeseashley4,Wed Jul 31 23:28:16 +0000 2013,reese,556,en,not given,1636664269
ciaelicruz,Mon Oct 04 09:31:52 +0000 2010,Ciaeli,296,en,not given,198439177
GiftedNapper,Wed Apr 11 15:35:48 +0000 2012,Adam Jakowenko,100,en,not given,551086453
nvanbat,Thu Apr 10 18:28:47 +0000 2008,Nicole Van Batenburg,2139,en,"Seattle, WA",14353773
DoggosOfSeattle,Fri May 12 00:12:01 +0000 2017,Doggos of Seattle,65,en,"Seattle, WA",862822636534939648
Zmmeyer,Fri May 10 23:07:10 +0000 2013,Zac,244,en,"Augsburg, Germany",1419253956
camyd31,Mon Jan 26 00:02:46 +0000 2015,Camy,180,en,not given,2998892069
katie_wrrn,Tue May 24 21:36:44 +0000 2011,katie warren,368,en,not given,304647686
NickStaten_,Tue Jun 09 18:58:53 +0000 2015,Nick,121,en,not given,3315611105
babzyyb,Tue Nov 10 20:07:50 +0000 2009,Babs Bouchillon,609,en,Music City,89009308
feeltheburn22,Tue Aug 04 06:18:17 +0000 2009,T üåª,308,en,not given,62736792
JosieCarlton,Fri Jan 13 23:50:18 +0000 2012,Josie,371,en,not given,463313737
mcflipper,Sun Oct 19 22:04:13 +0000 2008,Phillip McCarthy,490,en,"New York, NY",16856879
Leos_Ghost,Thu Nov 17 08:33:15 +0000 2016,Leo & Ghost,3,en,Western Australia,799168509917810688
irving_760,Mon Jan 20 00:45:07 +0000 2014,irving,48,en,not given,2300530382
ClaricitaN,Wed Jul 31 05:07:50 +0000 2013,Claire ,51,en,not given,1634666083
frombanang,Sat Mar 05 22:18:20 +0000 2016,Angie Prahlow,148,en,not given,706242467755073537
AbrissErik,Tue Aug 09 16:04:40 +0000 2011,erik abriss,788,en,Los Angeles,351682289
Emily_Rose07,Wed Mar 25 05:59:25 +0000 2009,Emily Rose,65,en,"California, USA",26442607
Kentobean123,Mon Jan 11 21:22:14 +0000 2016,Kent Guenthart,286,en,"Ventura, CA",4744932042
kylepcampbell2,Thu Sep 01 01:41:08 +0000 2011,Kyle Campbell,409,en,"Louisville, KY",365806423
brimillsss,Thu Oct 02 20:47:09 +0000 2008,Brianna Miller,581,en,"New York, NY",16566450
KJarriel,Tue Apr 16 17:52:30 +0000 2013,Katie Jarriel,121,en,"Ithaca, NY",1357487522
MeganWood19,Wed May 28 15:12:25 +0000 2008,Megan Wood,102,en,"Los Angeles, CA",14934434
suzewilsonnz,Mon Jul 23 04:41:58 +0000 2012,Suze Wilson,606,en,New Zealand,711806809
chad_hancock,Tue Jul 21 17:14:10 +0000 2009,Chad Hancock,18,en,"San Francisco, CA",58854387
Lassie_MP,Thu Mar 05 20:29:59 +0000 2015,Lassie üê∂üè≥Ô∏è‚Äçüåà,11,no,"Fredrikstad, Norge",3073296591
kylee_jo27,Tue Jul 09 00:14:48 +0000 2013,(below average) jo,120,en,Coolsville,1578974066
freeman_art_la,Fri Nov 11 04:41:59 +0000 2016,Nicholas Freeman,20,en,not given,796935981089878018
bellaceeswift,Mon Aug 24 02:09:07 +0000 2009,Büåü,355,en,"Los Angeles, CA",68299078
Megan_Souder,Sun Jul 15 17:00:16 +0000 2012,Megan,617,en,Poolesville // Salisbury ‚Äò19,636313051
lemonfights,Tue Jun 04 18:17:52 +0000 2013,aeriel  ||-//  üçãüéß,409,en,"'zoola, mt",1482894762
WeathaMan1234,Sat Mar 26 21:36:56 +0000 2011,Chris Outler,413,en,"Las Vegas, NV",272631785
jessebrubacher,Sun Jul 10 18:31:25 +0000 2011,Jesse Brubacher,182,en,"Lawrence, Kansas",332951609
InwardSmirch,Sun Mar 07 19:37:46 +0000 2010,Chris,736,en,Essex innit,120854387
jake_the_snakew,Sat Dec 15 00:18:43 +0000 2012,Jake Webb,314,en,not given,1012236854
grafeitti,Tue Oct 25 17:17:04 +0000 2011,g feia,467,en,"Baja California, M√©xico",398156819
bfkesq,Wed Apr 08 21:33:18 +0000 2009,Brendan Klein,270,en,"√úT: 35.6197555,-97.4867416",29827203
balc0m,Tue Apr 15 16:21:31 +0000 2014,BB,414,en,not given,2445674791
larkinbriley_,Sat Oct 31 20:22:50 +0000 2009,Larkin Briley,220,en,not given,86595618
babzyyb,Tue Nov 10 20:07:50 +0000 2009,Babs Bouchillon,609,en,Music City,89009308
ByaDuarte,Mon May 25 17:25:45 +0000 2009,B-anca,283,pt,"Bel√©m, Brasil",42445822
samuelmk206,Fri Nov 18 05:50:23 +0000 2011,Sam K,507,en,"Denver, CO",415325861
tiphaneii,Mon Nov 26 15:28:21 +0000 2012,Tiffany,529,en,not given,972176971
Claire_Bleeeler,Sun Mar 03 05:30:24 +0000 2013,Clurrr,286,en,"New York, New York ",1237871754
RachelLRandall,Fri Mar 20 16:59:01 +0000 2009,Rachel Randall,80,en,"Los Angeles, CA",25534693
torsimarsi_,Mon Sep 14 22:16:06 +0000 2009,Tori üåª,118,en,not given,74281643
AnnaCorgiHill,Thu Jul 08 23:48:48 +0000 2010,CorgiHill,37,en,"Idaho Falls, ID",164473279
SarahAllegri,Sat Feb 12 04:59:49 +0000 2011,Sarah Allegri,489,en,kc,250968694
karielida,Sun Apr 22 16:19:45 +0000 2012,üí´,452,en,nyc,560482962
bratnicnic,Mon Sep 16 00:31:11 +0000 2013,churro,968,en,not given,1869655536
CamiCharette,Tue Sep 08 20:11:30 +0000 2009,camille charette,22,en,not given,72653944
JustinTrudeau,Sun Mar 30 21:04:14 +0000 2008,Justin Trudeau,961,en,Papineau,14260960
mr_willow16,Tue Sep 24 02:28:59 +0000 2013,Hunter M. Willow,289,en,"Reno, NV",1899000128
yourstrulydems,Tue Apr 09 04:52:06 +0000 2013,√âlo√Øse,260,en,not given,1338322382
jaycie_perry,Sun Aug 26 02:36:00 +0000 2012,jace,277,en,"Meridian, ID",781525026
sarahthe_peach,Tue Dec 14 22:37:54 +0000 2010,sarah mantella,235,en,"Toronto, Ontario",226725723
aubreyburman,Fri Apr 22 18:27:41 +0000 2011,aubrey üåª,644,en,"Mount Pleasant, MI",286295606
JERICHO,Thu Dec 31 01:50:38 +0000 2009,TUCKER,705,en,"Los Angeles, CA",100649666
swinnersk,Mon Jun 18 11:52:17 +0000 2012,Kate Swinscoe,343,en,"Leeds, England",611624770
_catburglar,Sat May 23 17:35:00 +0000 2009,$weet tea pap√≠,421,en,not given,42064074
YusufAhmed,Tue Mar 03 19:15:38 +0000 2009,Yusuf Ahmed,962,en,"Cleveland, Ohio",22662175
naty092316,Sun Jul 02 18:35:35 +0000 2017,Naty Pereda,144,en,Somewhere Over The Rainbow,881582137627037696
duhbrousse,Thu Jan 26 23:47:37 +0000 2017,Ben,31,en,not given,824765770852868097
illallinen,Thu Nov 01 12:40:27 +0000 2012,alli,100,fi,"Helsinki, Finland",918937741
Athletics,Tue Jan 27 18:40:21 +0000 2009,Oakland Athletics üå≥üêò‚öæÔ∏è,502,en,"Oakland, CA",19607400
eawickham,Sun Nov 18 17:49:03 +0000 2012,Elizabeth Wickham,1588,en,not given,955930969
GOOKCITY,Wed Jan 11 05:11:55 +0000 2012,Gooks,345,en,Next Models LA,460834078
matt___nelson,Tue Apr 08 23:00:56 +0000 2014,The Dogfather,193,en,snap: mattnelson-1,2434538047
kvarun70,Sat Oct 09 04:40:17 +0000 2010,Varun ks,98,en,not given,200387323
saraheliz301,Sat Jul 27 04:22:15 +0000 2013,sarah carney,307,en,"Bree, Belgi√´",1624578937
siobhoneuerle,Thu Feb 18 17:28:06 +0000 2010,Siobhon Euerle,294,en,"Colorado, USA",115441277
MJ_Phillips_US,Wed Apr 29 05:45:14 +0000 2009,Michael Phillips,157,en,"Murrieta, CA",36298666
Han_Tier,Tue Dec 13 22:02:22 +0000 2011,hannah tierney,460,en,convent 16 marquette 20,436184631
Jaxon_Wells,Sun Feb 12 22:26:14 +0000 2012,Jaxon Wells,374,en,"Spencer, MA",490784360
hithereitslily,Sat Jun 17 01:58:03 +0000 2017,Lily Jordan,218,en,"Pennsylvania, USA",875895281241522177
m_pollicino,Fri Nov 02 22:04:42 +0000 2012,maggy,734,en,Long Island NY,921884545
kristen_walter,Sat Apr 14 23:10:20 +0000 2012,Kristen Nicole,453,en,not given,553901495
nursejin_,Sat Apr 08 19:28:00 +0000 2017,nurse jin!!,296,en,not given,850792360481095680
miketotaldestry,Fri Apr 12 12:56:23 +0000 2013,Mike,261,en,not given,1346776400
hannaarvin,Tue Mar 08 06:01:10 +0000 2011,Hanna Perrin,128,en,not given,262521547
WPIAL_Insider,Wed Oct 24 03:25:39 +0000 2012,WPIAL Insider,2733,en,not given,901087302
AGillilandd_,Fri Sep 24 01:31:56 +0000 2010,Alyssa Gilliland,359,en,"Columbus, OH",194404177
katgaugler,Mon Jul 28 00:28:16 +0000 2008,Kat Gaugler,601,en,"Dallas, TX",15625655
